{"train_ppo/reward": 3.125, "train_ppo/actor_loss": -0.4952146112918854, "train_ppo/actor_loss_sum": -0.636179506778717, "train_ppo/critic_loss": 2.3577420711517334, "train_ppo/critic_loss_sum": 2.3019556999206543, "_timestamp": 1705519278.0611248, "_runtime": 4621.6189568042755, "_step": 1175, "train_ppo/training_reward": 0.0694025456905365, "train_ppo/sum_rewards": 3.1040501594543457, "train_ppo/kl_divergence_estimate": 0.04648243635892868, "train_ppo/length": 45.1875, "train_ppo/returns_gae": 2.6573405265808105, "train_ppo/old_value": 2.015625, "train_ppo/value": 2.015625}